{
    "savard": {
        "stat1": [
            0.9991540475439931,
            61.586857858765455,
            61.72074550725999,
            72.32404246910791,
            56.26429728021609,
            91.71555234100236,
            53.02591178463951,
            30.8491640411228,
            31.3810458594462,
            62.94634799706904
        ],
        "stat2": [
            27.61625280054242,
            6.948202947269088,
            70.56386674744999,
            46.78057818127262,
            83.33324224205248,
            32.62689015123074,
            61.88257624815743,
            34.068564230569756,
            88.46882740246409,
            43.59496236281657
        ]
    },
    "sharma2024": {
        "stat1": [
            20.688955796668562,
            36.32572231319489,
            23.748281014065277,
            74.65627467543938,
            23.230469419590506,
            29.228686039593686,
            88.90086876006927
        ],
        "stat2": [
            35.18912545882974,
            51.41789300801955,
            25.81815987388917,
            93.93200541663008,
            88.74713075619631,
            93.79937145976909,
            46.529888557696985
        ]
    },
    "chung2022": {
        "stat1": [
            0.49458915838497264
        ],
        "stat2": [
            42.027201362359655
        ]
    },
    "jiang2021": {
        "stat1": [
            96.48151243774127,
            96.75429835938851,
            29.75327278957599
        ],
        "stat2": [
            94.27083994082749,
            95.7250933733062,
            74.80311077635324
        ]
    },
    "shantanu": {
        "stat1": [
            82.95713949921127,
            88.48223526917182,
            90.7405569166286,
            8.284921106540066,
            84.49146258615117,
            97.86161883649964,
            98.29997631002142,
            15.67075410984482,
            41.61075657663871,
            83.97489270587495
        ],
        "stat2": [
            14.525725525562672,
            48.76524202423712,
            82.69011074639482,
            16.162040672479204,
            80.7876463620556,
            1.2273525640447258,
            67.53746046673388,
            35.892889571477816,
            95.77532586338131,
            56.27573895722438
        ]
    },
    "wang2024": {
        "stat1": [
            76.0828854394958,
            50.7119912005355
        ],
        "stat2": [
            5.704149680146564,
            15.534088527642819
        ]
    },
    "gauding2022": {
        "stat1": [
            90.1474463853956,
            20.686778216112913,
            59.063473117939914,
            70.73161684749118,
            32.191682204194585,
            27.307429559823483,
            48.86858164579536,
            90.78131821432854,
            46.88483193524811,
            87.79045174455766
        ],
        "stat2": [
            11.64771112763442,
            45.45290820544046,
            84.7784553316726,
            37.09511988487806,
            75.24856240710194,
            8.31733844625785,
            19.203661736492748,
            45.05320654919812,
            89.51939526101782,
            80.35970208221545
        ]
    },
    "poludnenko": {
        "stat1": [
            25.400086840235847,
            91.6578203704328,
            89.57862767448712,
            52.81479390307759,
            51.166165270547225,
            4.320682793221486,
            26.080861880128857,
            1.9655973822491735,
            68.86968937728099
        ],
        "stat2": [
            31.603231362970863,
            70.877458336863,
            53.71275117117824,
            15.33483705730162,
            69.88172178907297,
            74.07788450892279,
            41.49362530086861,
            40.17810343850482,
            8.089927723916524
        ]
    },
    "quentin2024": {
        "stat1": [
            61.34554495710437,
            64.4903621088854
        ],
        "stat2": [
            75.3205747840441,
            6.5163759171910085
        ]
    },
    "guo2022": {
        "stat1": [
            5.815097686926441,
            14.573364901785125,
            78.2720380007215,
            45.33156312716956,
            50.27524624412087
        ],
        "stat2": [
            62.89706564407053,
            4.185034746756411,
            70.98680486956538,
            43.343639214056125,
            83.15201271632321
        ]
    },
    "roshan2024": {
        "stat1": [
            90.8275187184673
        ],
        "stat2": [
            41.16075835445683
        ]
    },
    "ho2024": {
        "stat1": [
            35.71698190587935,
            64.4833574174482,
            67.3399825085049,
            23.712931904393365
        ],
        "stat2": [
            41.086672796068626,
            90.61965685158881,
            27.433008127524474,
            50.56033401399657
        ]
    },
    "coulon": {
        "stat1": [
            29.069970797451184,
            40.87648066778436,
            4.041891838677603,
            80.84037661854579,
            82.82597507974987,
            91.17913012966736,
            3.8926597704275423,
            60.624591499519795,
            42.41000634039141,
            1.8858639619028117
        ],
        "stat2": [
            17.0504794161878,
            98.22637506731832,
            30.165713245589043,
            17.065333559033334,
            36.78850716305886,
            52.390130294586626,
            76.57649120687252,
            6.812966174221968,
            41.23760402572375,
            44.306839429813024
        ]
    },
    "jung2021": {
        "stat1": [
            72.04543448028394,
            92.22025091691671,
            95.38790693108727,
            27.74778701799533
        ],
        "stat2": [
            29.078162797137608,
            60.68417215950688,
            87.51865198020063,
            75.55497876304341
        ]
    },
    "brouzet2021": {
        "stat1": [
            40.62375991138101,
            44.414450447564036,
            50.58240531100827
        ],
        "stat2": [
            67.22003793082997,
            35.19288150360455,
            30.90823108708053
        ]
    }
}